{
  "model_type": "Ensemble Voting Regressor Pipeline",
  "n_estimators": 3,
  "train_years": [
    2015,
    2021
  ],
  "test_years": [
    2022,
    2023
  ],
  "metrics": {
    "overall_rmse": 0.091,
    "overall_mae": 0.067
  },
  "feature_importances": {
    "area_ha": 0.05874214919437303,
    "season_temp_c": 0.0006381583587273481,
    "season_rain_mm": 0.0978867623609661,
    "season_rh_pct": 0.16895937261920638,
    "season_solar_mj_m2": 0.0008767530674150138,
    "season_gdd": 0.00025674986409532824,
    "season_dtr": 0.00033312344051844475,
    "season_soil_wetness": 0.008918913378516158,
    "season_soil_wetness_root": 0.0006785000855598732,
    "season_swdi": 0.03370445145902422,
    "flood_index": 0.00025352805523193766,
    "drought_index": 0.0,
    "season_wind_speed": 0.0003048426011643634,
    "season_earth_skin_temp": 0.002528917946112628,
    "division_yield_prior": 0.001101759761690296,
    "historical_baseline_yield": 0.23526668868433076,
    "division_Barishal": 4.9350770207135897e-05,
    "division_Chattogram": 0.0005720156556760337,
    "division_Dhaka": 0.0002530807808376662,
    "division_Khulna": 6.015538876701122e-05,
    "division_Mymensingh": 3.0200755454601435e-05,
    "division_Rajshahi": 5.418683480520045e-05,
    "division_Rangpur": 0.00012126782032975714,
    "division_Sylhet": 9.712184745202207e-05,
    "division_Unknown": 2.1342686125803942e-05,
    "district_Bagerhat": 1.9052641939821527e-05,
    "district_Bandarban": 0.0011282703356261267,
    "district_Barguna": 2.841657652952221e-05,
    "district_Barishal": 7.731256414840955e-06,
    "district_Bhola": 5.45624254476911e-05,
    "district_Bogura": 9.519357004724332e-05,
    "district_Brahmanbaria": 6.420506484950643e-05,
    "district_Chandpur": 2.1447747337725602e-05,
    "district_Chapainawabganj": 6.679694039819999e-05,
    "district_Chattogram": 6.465088437297944e-06,
    "district_Chuadanga": 4.114150541985142e-06,
    "district_Cox'S Bazar": 2.60829474867755e-07,
    "district_Cumilla": 9.253823933313174e-05,
    "district_Dhaka": 0.0001133999367217492,
    "district_Dinajpur": 0.0005474409901112475,
    "district_Faridpur": 1.6198953682183497e-05,
    "district_Feni": 2.908297701316105e-05,
    "district_Gaibandha": 2.0191158159622992e-05,
    "district_Gazipur": 4.96941932108637e-05,
    "district_Gopalganj": 3.3250545194840305e-05,
    "district_Habiganj": 5.1777047006046844e-05,
    "district_Jamalpur": 1.5079489598982966e-07,
    "district_Jashore": 9.102795456364112e-05,
    "district_Jhalokati": 3.754209360897726e-05,
    "district_Jhenaidah": 2.395098310774324e-05,
    "district_Joypurhat": 1.2222601815985967e-07,
    "district_Khagrachhari": 0.0005026618734155909,
    "district_Khulna": 5.025121956159877e-05,
    "district_Kishoreganj": 2.3257851140586364e-05,
    "district_Kurigram": 6.249062460425416e-06,
    "district_Kushtia": 3.8046917799100294e-06,
    "district_Lakshmipur": 1.1009012398287496e-05,
    "district_Lalmonirhat": 5.534347338008732e-05,
    "district_Madaripur": 1.689588596706767e-05,
    "district_Magura": 3.945837182178657e-05,
    "district_Manikganj": 3.459848923492339e-05,
    "district_Meherpur": 1.3126313491653998e-05,
    "district_Moulvibazar": 4.660639988583125e-05,
    "district_Munshiganj": 4.413490838625308e-05,
    "district_Mymensingh": 9.442906138558943e-05,
    "district_Naogaon": 6.632120601669272e-05,
    "district_Narail": 2.7500346225730805e-05,
    "district_Narayanganj": 3.841790328652769e-05,
    "district_Narsingdi": 3.487697806409464e-05,
    "district_Natore": 4.423954621099953e-05,
    "district_Netrokona": 2.412642054227712e-07,
    "district_Nilphamari": 9.491400526373809e-06,
    "district_Noakhali": 3.925537626795622e-06,
    "district_Pabna": 1.2647026637066903e-06,
    "district_Panchagarh": 2.1556072906899456e-05,
    "district_Patuakhali": 5.6428999149969645e-05,
    "district_Pirojpur": 1.2034146730301378e-06,
    "district_Rajbari": 2.070787547131192e-07,
    "district_Rajshahi": 2.1742429248797934e-06,
    "district_Rangamati": 0.0008912937893061764,
    "district_Rangpur": 5.629227666519691e-05,
    "district_Satkhira": 1.0722476978783287e-07,
    "district_Shariatpur": 0.00013738506627298172,
    "district_Sherpur": 2.610720376572341e-05,
    "district_Sirajganj": 6.791467786558791e-05,
    "district_Sunamganj": 3.057189040150375e-07,
    "district_Sylhet": 1.736336495049821e-05,
    "district_Tangail": 0.00022627406937872452,
    "district_Thakurgaon": 2.0762885226328643e-05,
    "season_Aman": 6.832396138442446e-05,
    "season_Aus": 0.00030306574590477505,
    "season_Boro": 0.38262285927627154
  },
  "run_date": "2026-06-27"
}