{
  "model_type": "XGBoost Regressor Pipeline",
  "n_estimators": 120,
  "train_years": [
    2015,
    2021
  ],
  "test_years": [
    2022,
    2023
  ],
  "metrics": {
    "overall_rmse": 0.09,
    "overall_mae": 0.067
  },
  "feature_importances": {
    "area_ha": 0.003964829724282026,
    "season_temp_c": 0.000470292434329167,
    "season_rain_mm": 0.03119209222495556,
    "season_rh_pct": 0.002026783535256982,
    "season_solar_mj_m2": 0.0002841587411239743,
    "season_gdd": 0.00016131105076055974,
    "season_dtr": 0.00015577477461192757,
    "season_soil_wetness": 0.0012342387344688177,
    "season_soil_wetness_root": 0.00016423562192358077,
    "season_swdi": 0.021202998235821724,
    "flood_index": 0.000245127099333331,
    "drought_index": 0.0,
    "division_Barishal": 0.00011938867100980133,
    "division_Chattogram": 0.0010086519178003073,
    "division_Dhaka": 0.0003297204675618559,
    "division_Khulna": 0.00016871436673682183,
    "division_Mymensingh": 0.0004328315844759345,
    "division_Rajshahi": 0.0001461375068174675,
    "division_Rangpur": 0.00022530015849042684,
    "division_Sylhet": 0.00016956830222625285,
    "division_Unknown": 9.82605415629223e-05,
    "season_Aman": 0.0698975995182991,
    "season_Aus": 0.03035031072795391,
    "season_Boro": 0.8359516859054565
  },
  "run_date": "2026-06-27"
}