{
  "model_type": "Ensemble Voting Regressor Pipeline",
  "n_estimators": 3,
  "train_years": [
    2015,
    2021
  ],
  "test_years": [
    2022,
    2023
  ],
  "metrics": {
    "overall_rmse": 0.113,
    "overall_mae": 0.065
  },
  "feature_importances": {
    "area_ha": 0.061842769986329905,
    "season_temp_c": 0.0010098318781302429,
    "season_rain_mm": 0.06898956026076312,
    "season_rh_pct": 0.06482461882722013,
    "season_solar_mj_m2": 0.00026127480456000605,
    "season_gdd": 0.00015185927280159784,
    "season_dtr": 0.0001880824190185607,
    "season_soil_wetness": 0.0894234513305366,
    "season_soil_wetness_root": 0.000305644160229996,
    "season_swdi": 0.06233464278504211,
    "flood_index": 6.572389490126322e-06,
    "drought_index": 0.0,
    "season_wind_speed": 0.0003010480083786841,
    "season_earth_skin_temp": 0.0015138829735081032,
    "season_et": 0.0002345274845420911,
    "season_pet": 0.0003696795959944723,
    "season_oni": 0.00552651517960208,
    "division_yield_prior": 0.00043640208493882655,
    "historical_baseline_yield": 0.4102863262782825,
    "division_Barishal": 0.00012025979078778422,
    "division_Chattogram": 0.0011093027162841515,
    "division_Dhaka": 0.00031148048301319204,
    "division_Khulna": 5.591518582402777e-05,
    "division_Mymensingh": 6.312863173881585e-05,
    "division_Rajshahi": 0.00011256163532868777,
    "division_Rangpur": 0.0001265679665693322,
    "division_Sylhet": 0.00012577271796779927,
    "division_Unknown": 9.552731836647523e-07,
    "district_Bagerhat": 0.00010555142383411401,
    "district_Bandarban": 0.0017529466011173757,
    "district_Barguna": 3.1973726259871608e-06,
    "district_Barishal": 7.540340070578128e-05,
    "district_Bhola": 6.552017862545505e-07,
    "district_Bogura": 0.0003577853277671748,
    "district_Brahmanbaria": 4.855827960341354e-07,
    "district_Chandpur": 5.218377550279113e-05,
    "district_Chapainawabganj": 1.2257127760601295e-06,
    "district_Chattogram": 2.035346140369726e-05,
    "district_Chuadanga": 3.634759147059642e-05,
    "district_Cox'S Bazar": 4.0562897102420035e-07,
    "district_Cumilla": 0.00014807240333469864,
    "district_Dhaka": 0.00018001895088304193,
    "district_Dinajpur": 0.0010860218291461879,
    "district_Faridpur": 5.4827111602599526e-05,
    "district_Feni": 3.135776711108734e-07,
    "district_Gaibandha": 2.4552403982333864e-05,
    "district_Gazipur": 5.482384608134048e-05,
    "district_Gopalganj": 4.941408884432037e-07,
    "district_Habiganj": 5.8792737311289316e-05,
    "district_Jamalpur": 3.5342072291501684e-05,
    "district_Jashore": 0.0001448829812212519,
    "district_Jhalokati": 6.452484077017366e-05,
    "district_Jhenaidah": 5.032405768456554e-05,
    "district_Joypurhat": 1.324109736989828e-07,
    "district_Khagrachhari": 0.0005071944181080772,
    "district_Khulna": 0.0001069869869539792,
    "district_Kishoreganj": 7.486163140091274e-05,
    "district_Kurigram": 1.9515677490898586e-06,
    "district_Kushtia": 3.127211891165691e-05,
    "district_Lakshmipur": 4.330195067352242e-05,
    "district_Lalmonirhat": 6.509474803571915e-07,
    "district_Madaripur": 5.3829108714788205e-05,
    "district_Magura": 5.5981464301375536e-05,
    "district_Manikganj": 5.096547479816948e-05,
    "district_Meherpur": 1.02986047257715e-06,
    "district_Moulvibazar": 6.352178931401097e-07,
    "district_Munshiganj": 0.00010745132373236162,
    "district_Mymensingh": 0.000261650829863153,
    "district_Naogaon": 2.484628353899105e-05,
    "district_Narail": 5.3275798795554205e-05,
    "district_Narayanganj": 5.769629732120377e-05,
    "district_Narsingdi": 1.8251751051179217e-06,
    "district_Natore": 0.00010406118860592349,
    "district_Netrokona": 8.014886692154725e-05,
    "district_Nilphamari": 2.5339120892335703e-07,
    "district_Noakhali": 5.905565615377227e-05,
    "district_Pabna": 3.172879400554564e-05,
    "district_Panchagarh": 4.730328313097133e-05,
    "district_Patuakhali": 6.191614412230787e-05,
    "district_Pirojpur": 5.0525704699113206e-05,
    "district_Rajbari": 3.861246102397511e-05,
    "district_Rajshahi": 2.015172019908905e-07,
    "district_Rangamati": 0.0012812976275307527,
    "district_Rangpur": 9.121446517002062e-05,
    "district_Satkhira": 7.979455160929863e-05,
    "district_Shariatpur": 7.832735162370336e-05,
    "district_Sherpur": 2.630481250459003e-05,
    "district_Sirajganj": 0.00028170803499948484,
    "district_Sunamganj": 6.008562168022293e-07,
    "district_Sylhet": 3.3844691220771054e-05,
    "district_Tangail": 0.0004017629630033402,
    "district_Thakurgaon": 2.416356465844037e-07,
    "season_Aman": 0.05520386962211079,
    "season_Aus": 0.001000929371108823,
    "season_Boro": 0.16526856797661577
  },
  "run_date": "2026-06-27"
}