{
  "model_type": "Ensemble Voting Regressor Pipeline",
  "n_estimators": 3,
  "train_years": [
    2015,
    2021
  ],
  "test_years": [
    2022,
    2023
  ],
  "metrics": {
    "overall_rmse": 0.091,
    "overall_mae": 0.067
  },
  "feature_importances": {
    "area_ha": 0.05870604771216822,
    "season_temp_c": 0.000637246412685452,
    "season_rain_mm": 0.03018904732221175,
    "season_rh_pct": 0.13709512138864113,
    "season_solar_mj_m2": 0.0008907846991051957,
    "season_gdd": 0.00025292752062260293,
    "season_dtr": 0.00034167588820278226,
    "season_soil_wetness": 0.008868469262176328,
    "season_soil_wetness_root": 0.0006725724336500489,
    "season_swdi": 0.07309650207852002,
    "flood_index": 6.9493678606920015e-09,
    "drought_index": 0.0,
    "season_wind_speed": 0.00031201546193876834,
    "season_earth_skin_temp": 0.0024785879807598756,
    "division_yield_prior": 0.0011060743327330476,
    "historical_baseline_yield": 0.2985359612247932,
    "division_Barishal": 5.388875295641555e-05,
    "division_Chattogram": 0.0005234887319658714,
    "division_Dhaka": 0.0002967970812725684,
    "division_Khulna": 4.497427892469875e-05,
    "division_Mymensingh": 2.3502668744209426e-05,
    "division_Rajshahi": 7.077127621626837e-05,
    "division_Rangpur": 0.00010405340852366394,
    "division_Sylhet": 9.558754948311289e-05,
    "division_Unknown": 3.998264222552589e-05,
    "district_Bagerhat": 1.7218669207519325e-05,
    "district_Bandarban": 0.0011279900167295456,
    "district_Barguna": 2.469700531272472e-06,
    "district_Barishal": 4.313930366691367e-06,
    "district_Bhola": 3.485247956008171e-05,
    "district_Bogura": 8.418544436475442e-05,
    "district_Brahmanbaria": 2.7138839743739206e-06,
    "district_Chandpur": 1.9357476138322008e-05,
    "district_Chapainawabganj": 6.756068511878233e-05,
    "district_Chattogram": 6.240609627507053e-07,
    "district_Chuadanga": 2.1847061225005516e-06,
    "district_Cox'S Bazar": 2.2264698003551443e-07,
    "district_Cumilla": 9.181090990891384e-05,
    "district_Dhaka": 0.00010661509179341836,
    "district_Dinajpur": 0.0005433230715111014,
    "district_Faridpur": 1.6089341667602813e-06,
    "district_Feni": 3.742065922219625e-05,
    "district_Gaibandha": 1.691450151345911e-06,
    "district_Gazipur": 4.183538128398247e-05,
    "district_Gopalganj": 3.5655135743631643e-05,
    "district_Habiganj": 2.2835732803675465e-05,
    "district_Jamalpur": 4.750570466934371e-06,
    "district_Jashore": 8.969169354927989e-05,
    "district_Jhalokati": 3.144671591712587e-05,
    "district_Jhenaidah": 2.3326664734882125e-05,
    "district_Joypurhat": 1.322603169868448e-07,
    "district_Khagrachhari": 0.00046479840999564165,
    "district_Khulna": 3.876220011088323e-05,
    "district_Kishoreganj": 2.846569528880198e-05,
    "district_Kurigram": 3.302436476009667e-05,
    "district_Kushtia": 3.5772700891720614e-05,
    "district_Lakshmipur": 9.934274859791658e-07,
    "district_Lalmonirhat": 3.5693157988522355e-05,
    "district_Madaripur": 3.851065850724345e-05,
    "district_Magura": 6.04355309087274e-05,
    "district_Manikganj": 3.0358365177369206e-05,
    "district_Meherpur": 1.6938820844962354e-05,
    "district_Moulvibazar": 3.74650994998411e-05,
    "district_Munshiganj": 4.7455191551781495e-05,
    "district_Mymensingh": 9.262917422267593e-05,
    "district_Naogaon": 7.403477733719322e-05,
    "district_Narail": 2.8419620755998484e-05,
    "district_Narayanganj": 3.6553439619710515e-05,
    "district_Narsingdi": 3.099049480209968e-05,
    "district_Natore": 4.601713523510061e-05,
    "district_Netrokona": 1.2825091114852442e-07,
    "district_Nilphamari": 1.9846198295686257e-05,
    "district_Noakhali": 3.685526514116157e-05,
    "district_Pabna": 1.038880522672345e-05,
    "district_Panchagarh": 3.1014035226933125e-06,
    "district_Patuakhali": 2.5532357089624372e-05,
    "district_Pirojpur": 1.580951193288627e-05,
    "district_Rajbari": 2.1505842003649323e-07,
    "district_Rajshahi": 1.8584357031635782e-06,
    "district_Rangamati": 0.0008544475873285504,
    "district_Rangpur": 7.120831138792816e-05,
    "district_Satkhira": 1.9785297592259353e-06,
    "district_Shariatpur": 0.00011080535706463721,
    "district_Sherpur": 2.349526992685481e-05,
    "district_Sirajganj": 5.6140560856541807e-05,
    "district_Sunamganj": 3.259055912328809e-07,
    "district_Sylhet": 1.849788707382009e-05,
    "district_Tangail": 0.00019406533264543766,
    "district_Thakurgaon": 1.739671567953177e-05,
    "season_Aman": 7.119466433451101e-05,
    "season_Aus": 0.0003058465095911511,
    "season_Boro": 0.3801516263794183
  },
  "run_date": "2026-06-27"
}