{
  "model_type": "Ensemble Voting Regressor Pipeline",
  "n_estimators": 3,
  "train_years": [
    2015,
    2021
  ],
  "test_years": [
    2022,
    2023
  ],
  "metrics": {
    "overall_rmse": 0.097,
    "overall_mae": 0.073
  },
  "feature_importances": {
    "area_ha": 0.05924048312130173,
    "season_temp_c": 0.0022899723306582503,
    "season_rain_mm": 0.38823873869625264,
    "season_rh_pct": 0.05605451823646471,
    "season_solar_mj_m2": 0.00165869954966363,
    "season_gdd": 0.0003592767183890814,
    "season_dtr": 0.00035804983240278774,
    "season_soil_wetness": 0.008322437501643446,
    "season_soil_wetness_root": 0.00038862828521115685,
    "season_swdi": 0.10133261129090576,
    "flood_index": 0.00024412826180804544,
    "drought_index": 0.0,
    "division_Barishal": 4.5838405736104e-05,
    "division_Chattogram": 0.0005243066523330442,
    "division_Dhaka": 0.00023970098533366871,
    "division_Khulna": 6.000560458281557e-05,
    "division_Mymensingh": 0.00011042285834905934,
    "division_Rajshahi": 5.0433850239521193e-05,
    "division_Rangpur": 0.00010632204926775081,
    "division_Sylhet": 5.4773168174969467e-05,
    "division_Unknown": 3.804860985549893e-05,
    "district_Bagerhat": 1.0275350988417555e-06,
    "district_Bandarban": 0.0008206628217644727,
    "district_Barguna": 4.6897248954594903e-05,
    "district_Barishal": 5.391760074165641e-06,
    "district_Bhola": 3.650060320541287e-05,
    "district_Bogura": 0.00022334673477729782,
    "district_Brahmanbaria": 9.582504672157041e-07,
    "district_Chandpur": 3.762847136818581e-05,
    "district_Chapainawabganj": 0.00010873632473630479,
    "district_Chattogram": 1.8742744040998973e-05,
    "district_Chuadanga": 7.758668331286913e-07,
    "district_Cox'S Bazar": 1.2100391332144764e-06,
    "district_Cumilla": 6.498220331147999e-05,
    "district_Dhaka": 0.00013147714412777554,
    "district_Dinajpur": 0.0007431766995648465,
    "district_Faridpur": 2.695312518085677e-05,
    "district_Feni": 2.8178989467815584e-05,
    "district_Gaibandha": 4.9201328874584804e-05,
    "district_Gazipur": 1.147968398096635e-06,
    "district_Gopalganj": 8.506740180699286e-05,
    "district_Habiganj": 2.3551762399538038e-05,
    "district_Jamalpur": 4.809879141681104e-05,
    "district_Jashore": 9.271598116120789e-05,
    "district_Jhalokati": 5.154188622063827e-05,
    "district_Jhenaidah": 3.621728463126518e-05,
    "district_Joypurhat": 5.5246974117106625e-05,
    "district_Khagrachhari": 0.00042001681423787965,
    "district_Khulna": 5.300042892445156e-05,
    "district_Kishoreganj": 6.382954916945113e-05,
    "district_Kurigram": 5.4444153984136676e-05,
    "district_Kushtia": 7.407969813687383e-05,
    "district_Lakshmipur": 2.976945787779465e-05,
    "district_Lalmonirhat": 7.566821300895663e-05,
    "district_Madaripur": 5.4096820672351865e-05,
    "district_Magura": 2.604933059317216e-05,
    "district_Manikganj": 3.320649141446224e-05,
    "district_Meherpur": 2.593939846252887e-06,
    "district_Moulvibazar": 2.6887512274884864e-05,
    "district_Munshiganj": 2.6322387483301087e-05,
    "district_Mymensingh": 2.7210816309888484e-06,
    "district_Naogaon": 4.536974074806013e-05,
    "district_Narail": 2.9790135881376993e-05,
    "district_Narayanganj": 4.913132734586103e-05,
    "district_Narsingdi": 4.588568232442791e-05,
    "district_Natore": 8.882333032606163e-05,
    "district_Netrokona": 7.475640306292715e-07,
    "district_Nilphamari": 4.5665346368122407e-05,
    "district_Noakhali": 5.729758608029387e-05,
    "district_Pabna": 6.1436007461760625e-06,
    "district_Panchagarh": 3.0269957745093188e-05,
    "district_Patuakhali": 9.478777563021401e-05,
    "district_Pirojpur": 1.5021666295481202e-05,
    "district_Rajbari": 1.3887924049882756e-06,
    "district_Rajshahi": 3.990492361330329e-07,
    "district_Rangamati": 0.000616995685986117,
    "district_Rangpur": 5.9895157581051094e-05,
    "district_Satkhira": 2.0367301350619847e-06,
    "district_Shariatpur": 6.956218026630554e-05,
    "district_Sherpur": 8.094235395719123e-05,
    "district_Sirajganj": 8.739295713662658e-05,
    "district_Sunamganj": 1.7241109828747482e-05,
    "district_Sylhet": 5.0352821163124676e-05,
    "district_Tangail": 0.00025150252861663714,
    "district_Thakurgaon": 4.897654053465417e-06,
    "season_Aman": 0.015486933784923633,
    "season_Aus": 0.00042081033797797496,
    "season_Boro": 0.3589411676425913
  },
  "run_date": "2026-06-27"
}