{
  "model_type": "Ensemble Voting Regressor Pipeline",
  "n_estimators": 3,
  "train_years": [
    2015,
    2021
  ],
  "test_years": [
    2022,
    2023
  ],
  "metrics": {
    "overall_rmse": 0.087,
    "overall_mae": 0.058
  },
  "feature_importances": {
    "area_ha": 0.05309043638864436,
    "season_temp_c": 0.0006577491065111256,
    "season_rain_mm": 0.0003933264647953654,
    "season_rh_pct": 0.0003418544184459166,
    "season_solar_mj_m2": 0.0005305532722355778,
    "season_gdd": 0.0006673990151138829,
    "season_dtr": 0.0004616786644031606,
    "season_soil_wetness": 0.0009095031158962646,
    "season_soil_wetness_root": 0.0010288740764301519,
    "season_swdi": 0.00044765709453224636,
    "flood_index": 0.000277739182247843,
    "drought_index": 5.505642800729351e-05,
    "season_wind_speed": 0.007347220011731021,
    "season_earth_skin_temp": 0.0004356854393161816,
    "season_dew_point": 0.002382514545044429,
    "season_specific_humidity": 0.14462947612325375,
    "season_solar_irradiance": 0.001206819106984543,
    "season_wind_speed_50m": 0.0011897812525581732,
    "division_yield_prior": 0.0010440728150968423,
    "historical_baseline_yield": 0.3702286634402178,
    "division_Barishal": 5.6534688459737344e-05,
    "division_Chattogram": 0.000205562400878568,
    "division_Dhaka": 0.00014926016586967617,
    "division_Khulna": 6.041739675684762e-05,
    "division_Mymensingh": 5.667791460828466e-05,
    "division_Rajshahi": 0.00011000292137831,
    "division_Rangpur": 9.810889805491971e-05,
    "division_Sylhet": 0.00010164014727250056,
    "division_Unknown": 3.7146966232861773e-07,
    "district_Bagerhat": 2.4895378941520156e-05,
    "district_Bandarban": 5.886913368444603e-05,
    "district_Barguna": 1.7906698996655463e-05,
    "district_Barishal": 1.1506990643221732e-05,
    "district_Bhola": 3.081042353215549e-05,
    "district_Bogura": 0.000298578527587959,
    "district_Brahmanbaria": 5.567271263089814e-07,
    "district_Chandpur": 1.3905347952898087e-06,
    "district_Chapainawabganj": 8.64861576272229e-05,
    "district_Chattogram": 2.2440043576146894e-05,
    "district_Chuadanga": 6.17202176369295e-05,
    "district_Cox'S Bazar": 2.412175835719944e-07,
    "district_Cumilla": 5.017891885904837e-05,
    "district_Dhaka": 0.00011968669963318902,
    "district_Dinajpur": 0.0010199908789632845,
    "district_Faridpur": 2.9216251860457548e-05,
    "district_Feni": 3.5029089276320965e-06,
    "district_Gaibandha": 3.450799774079151e-06,
    "district_Gazipur": 1.7484096449902028e-05,
    "district_Gopalganj": 9.408867879529021e-06,
    "district_Habiganj": 2.8896276208216157e-06,
    "district_Jamalpur": 2.145924612385278e-05,
    "district_Jashore": 4.844859502705027e-05,
    "district_Jhalokati": 3.256402806962422e-05,
    "district_Jhenaidah": 2.8275102117896475e-05,
    "district_Joypurhat": 4.822109193386616e-05,
    "district_Khagrachhari": 1.6859757888276577e-05,
    "district_Khulna": 2.8839174234323268e-05,
    "district_Kishoreganj": 2.985094137104312e-05,
    "district_Kurigram": 4.843071558257215e-05,
    "district_Kushtia": 1.460975275967341e-06,
    "district_Lakshmipur": 2.4015851123708072e-05,
    "district_Lalmonirhat": 8.364185228202942e-05,
    "district_Madaripur": 2.5378115163784325e-05,
    "district_Magura": 2.8547276996455507e-06,
    "district_Manikganj": 6.429162125185012e-07,
    "district_Meherpur": 1.762013261336755e-06,
    "district_Moulvibazar": 6.844227591159862e-07,
    "district_Munshiganj": 5.810396271408104e-05,
    "district_Mymensingh": 0.00013036343485114875,
    "district_Naogaon": 0.0004912259600058249,
    "district_Narail": 2.1965308115864976e-05,
    "district_Narayanganj": 5.119689440819699e-05,
    "district_Narsingdi": 2.7082502005553336e-06,
    "district_Natore": 3.98213606500487e-05,
    "district_Netrokona": 2.8403705431771393e-05,
    "district_Nilphamari": 3.364317813851352e-05,
    "district_Noakhali": 3.596233628502607e-06,
    "district_Pabna": 2.372178410147079e-05,
    "district_Panchagarh": 4.3222070991539105e-05,
    "district_Patuakhali": 3.0688998255872775e-05,
    "district_Pirojpur": 9.088755396163688e-06,
    "district_Rajbari": 1.9365292841037822e-06,
    "district_Rajshahi": 3.1931976834076236e-05,
    "district_Rangamati": 1.9340671074884367e-05,
    "district_Rangpur": 0.00010817592437293308,
    "district_Satkhira": 2.4187411931446697e-05,
    "district_Shariatpur": 1.730311142032514e-05,
    "district_Sherpur": 5.3023146978440124e-05,
    "district_Sirajganj": 5.5529829248526274e-05,
    "district_Sunamganj": 1.9307685936099336e-05,
    "district_Sylhet": 3.857010592896139e-05,
    "district_Tangail": 0.00026128306776922205,
    "district_Thakurgaon": 0.00017756152994712068,
    "season_Aman": 0.016774781526280733,
    "season_Aus": 0.01575605502294182,
    "season_Boro": 0.3752140271006727
  },
  "run_date": "2026-06-27"
}