{
  "model_type": "Ensemble Voting Regressor Pipeline",
  "n_estimators": 3,
  "train_years": [
    2015,
    2021
  ],
  "test_years": [
    2022,
    2023
  ],
  "metrics": {
    "overall_rmse": 0.092,
    "overall_mae": 0.067
  },
  "feature_importances": {
    "area_ha": 0.059122098543354505,
    "season_temp_c": 0.0012028920667554353,
    "season_rain_mm": 0.07851706202231824,
    "season_rh_pct": 0.07760198743779194,
    "season_solar_mj_m2": 0.0006095804698735859,
    "season_gdd": 0.0002777337164568151,
    "season_dtr": 0.00028608110348065833,
    "season_soil_wetness": 0.04642625380321307,
    "season_soil_wetness_root": 0.0004238057935421281,
    "season_swdi": 0.02820361595145557,
    "flood_index": 0.0,
    "drought_index": 0.0,
    "season_wind_speed": 0.00038104884987856866,
    "season_earth_skin_temp": 0.0017671395006092067,
    "division_yield_prior": 0.0011543909757651483,
    "historical_baseline_yield": 0.2023878940776004,
    "division_Barishal": 3.0410495981051434e-06,
    "division_Chattogram": 0.0005514465474499848,
    "division_Dhaka": 0.00023228104877918258,
    "division_Khulna": 3.070107459715686e-05,
    "division_Mymensingh": 7.505952507888135e-05,
    "division_Rajshahi": 4.5413959523740926e-05,
    "division_Rangpur": 9.679718406238221e-05,
    "division_Sylhet": 0.00016073673446385635,
    "division_Unknown": 5.649279838838221e-07,
    "district_Bagerhat": 2.1106412207206886e-05,
    "district_Bandarban": 0.001001112909775603,
    "district_Barguna": 3.1808572183630857e-06,
    "district_Barishal": 2.6107265388418177e-05,
    "district_Bhola": 1.473079774762883e-06,
    "district_Bogura": 0.00019387066528262444,
    "district_Brahmanbaria": 5.236034184865851e-06,
    "district_Chandpur": 2.722814730838494e-07,
    "district_Chapainawabganj": 3.829587785204297e-05,
    "district_Chattogram": 2.482183905132439e-05,
    "district_Chuadanga": 2.5752315360622256e-05,
    "district_Cox'S Bazar": 2.2121502137964783e-07,
    "district_Cumilla": 6.209403893771047e-05,
    "district_Dhaka": 0.00011850407591126258,
    "district_Dinajpur": 0.0006744825130204882,
    "district_Faridpur": 2.3821385771938182e-05,
    "district_Feni": 2.3437223534049866e-06,
    "district_Gaibandha": 7.1923791364724695e-06,
    "district_Gazipur": 9.703684500060208e-06,
    "district_Gopalganj": 1.3331902073678824e-06,
    "district_Habiganj": 6.147135576335454e-06,
    "district_Jamalpur": 2.5269551009271703e-05,
    "district_Jashore": 6.992477258344018e-05,
    "district_Jhalokati": 1.457502715848042e-05,
    "district_Jhenaidah": 2.5146750125742496e-05,
    "district_Joypurhat": 8.189132842653341e-06,
    "district_Khagrachhari": 0.00035084813040560836,
    "district_Khulna": 4.798910411954523e-05,
    "district_Kishoreganj": 4.3861981513225024e-05,
    "district_Kurigram": 2.6437017874393264e-06,
    "district_Kushtia": 4.6690715905697085e-05,
    "district_Lakshmipur": 9.655019322651824e-06,
    "district_Lalmonirhat": 4.6898635937739484e-05,
    "district_Madaripur": 3.1735330685482286e-05,
    "district_Magura": 3.7055578591326594e-05,
    "district_Manikganj": 1.4105293213768791e-05,
    "district_Meherpur": 3.0507593505549294e-05,
    "district_Moulvibazar": 2.293103910711949e-05,
    "district_Munshiganj": 1.0833945856545037e-06,
    "district_Mymensingh": 7.634216558013929e-05,
    "district_Naogaon": 5.244437703430535e-05,
    "district_Narail": 2.117918414264302e-05,
    "district_Narayanganj": 4.550483995430836e-05,
    "district_Narsingdi": 5.760866399629624e-07,
    "district_Natore": 3.404101169135128e-05,
    "district_Netrokona": 5.168754902237444e-05,
    "district_Nilphamari": 5.996256624959212e-07,
    "district_Noakhali": 2.782619134572746e-05,
    "district_Pabna": 7.515180917502827e-07,
    "district_Panchagarh": 1.5303370737647266e-05,
    "district_Patuakhali": 3.4346591839076146e-05,
    "district_Pirojpur": 7.303974214437789e-07,
    "district_Rajbari": 7.095829176108442e-07,
    "district_Rajshahi": 2.230955159061939e-06,
    "district_Rangamati": 0.0006293073841696466,
    "district_Rangpur": 4.106694063935024e-05,
    "district_Satkhira": 9.63150620578562e-07,
    "district_Shariatpur": 5.35777662109814e-05,
    "district_Sherpur": 1.545054189242352e-05,
    "district_Sirajganj": 8.114403387275125e-05,
    "district_Sunamganj": 2.356918855619625e-05,
    "district_Sylhet": 1.46944666626317e-05,
    "district_Tangail": 0.00025191785483505224,
    "district_Thakurgaon": 3.359905269267057e-07,
    "season_Aman": 0.01638950620421756,
    "season_Aus": 0.0006414180971579683,
    "season_Boro": 0.478858972698335
  },
  "run_date": "2026-06-27"
}